Player,From,To,PlayerId
Shareef Abdur-Rahim,2002,2004,abdursh01
Don Adams,1972,1973,adamsdo01
Jaylen Adams,2019,2019,adamsja01
Derrick Alston,1997,1997,alstode01
Greg Anderson,1995,1998,andergr01
Justin Anderson,2019,2019,anderju01
Kenny Anderson,2005,2005,anderke01
Pero Antić,2014,2015,anticpe01
Stacey Arceneaux,1962,1962,arcenst01
Hilton Armstrong,2011,2011,armsthi01
Stacey Augmon,1992,1996,augmost01
Gustavo Ayón,2014,2014,ayongu01
Luke Babbitt,2018,2018,babbilu01
John Bagley,1994,1994,baglejo01
Cat Barber,2022,2022,barbeca01
John Barber,1957,1957,barbejo01
Tom Barker,1977,1977,barketo01
John Barnhill,1963,1966,barnhjo01
Drew Barry,1998,2000,barrydr01
Jon Barry,1997,2005,barryjo01
Esteban Batista,2006,2007,batises01
John Battle,1986,1991,battljo01
Sergei Bazarevich,1995,1995,bazarse01
Kent Bazemore,2015,2019,bazemke01
Ed Beach,1951,1951,beached01
Butch Beard,1970,1970,beardbu01
Zelmo Beaty,1963,1969,beatyze01
Ernie Beck,1961,1961,becker01
Ron Behagen,1978,1978,behagro01
Elmer Behnke,1952,1952,behnkel01
Marco Belinelli,2018,2018,belinma01
Walt Bellamy,1970,1974,bellawa01
DeAndre' Bembry,2017,2020,bembrde01
Irv Bemoras,1954,1957,bemorir01
Corey Benjamin,2003,2003,benjaco01
Gene Berce,1950,1950,bercege01
Saddiq Bey,2023,2023,beysa01
Mike Bibby,2008,2011,bibbymi01
Charlie Black,1952,1952,blackch01
Mookie Blaylock,1993,1999,blaylmo01
Bogdan Bogdanović,2021,2023,bogdabo01
Don Boven,1952,1953,bovendo01
Cal Bowdler,2000,2002,bowdlca01
Ira Bowman,2001,2001,bowmair01
Donnie Boyce,1996,1997,boycedo01
Harry Boykoff,1951,1951,boykoha01
Cedric Bozeman,2007,2007,bozemce01
Steve Bracey,1973,1974,bracest01
Dudley Bradley,1989,1989,bradldu01
Michael Bradley,2004,2004,bradlmi01
Elton Brand,2014,2015,brandel01
Jim Brasco,1953,1953,brascji01
Randy Breuer,1993,1993,breuera01
Frankie Brian,1951,1951,brianfr01
Bill Bridges,1963,1972,bridgbi01
Charlie Brown Jr.,2020,2020,brownch02
Chaundee Brown Jr.,2022,2022,brownch05
Chucky Brown,1998,1998,brownch01
John Brown,1974,1980,brownjo01
Rickey Brown,1983,1985,brownri01
Nicolás Brussino,2018,2018,brussni01
Matt Bullard,1996,1996,bullama01
Tom Burleson,1981,1981,burleto01
Art Burris,1952,1952,burriar01
Ed Burton,1965,1965,burtoed01
Willie Burton,1997,1997,burtowi01
Tommy Byrnes,1951,1951,byrneto01
Barney Cable,1962,1963,cableba01
José Calderón,2017,2017,caldejo01
Joe Caldwell,1966,1970,caldwjo01
Bill Calhoun,1953,1955,calhobi01
Clint Capela,2021,2023,capelca01
Bob Carpenter,1951,1951,carpebo01
Antoine Carr,1985,1990,carran01
DeMarre Carroll,2014,2015,carrode01
Vince Carter,2019,2020,cartevi01
Tyler Cavanaugh,2018,2018,cavanty01
Jerry Chambers,1971,1971,chambje01
John Chaney,1950,1950,chanejo01
Len Chappell,1971,1971,chapple01
Ken Charles,1977,1978,charlke01
Lorenzo Charles,1986,1986,charllo01
Maurice Cheeks,1992,1992,cheekma01
Josh Childress,2005,2008,childjo01
Cal Christensen,1951,1952,chrisca01
Bob Christian,1971,1973,chrisbo01
Speedy Claxton,2007,2009,claxtsp01
Antonius Cleveland,2018,2018,clevean01
Jack Coleman,1956,1958,colemja01
Bimbo Coles,2000,2000,colesbi01
Jason Collier,2004,2005,collija02
Art Collins,1981,1981,colliar01
Don Collins,1981,1981,collido02
Jason Collins,2010,2012,collija04
John Collins,2018,2023,collijo01
Sean Colson,2001,2001,colsose01
Chuck Cooper,1955,1956,coopech01
Sharife Cooper,2022,2022,coopesh01
Tyrone Corbin,1995,1999,corbity01
Ray Corley,1951,1951,corlera01
Allen Crabbe,2020,2020,crabbal01
Chris Crawford,1998,2004,crawfch01
Jamal Crawford,2010,2011,crawfja01
Jordan Crawford,2011,2011,crawfjo02
Jim Creighton,1976,1976,creigji01
Charlie Criss,1978,1985,crissch01
Dillard Crocker,1952,1953,crockdi01
Jarrett Culver,2023,2023,culveja01
Jared Cunningham,2014,2014,cunnija01
Erick Dampier,2012,2012,dampier01
Pete Darcey,1953,1953,darcepe01
Jimmy Darrow,1962,1962,darroji01
Deyonta Davis,2019,2019,davisde01
Emanual Davis,2002,2003,davisem01
Jim Davis,1968,1972,davisji01
Johnny Davis,1983,1986,davisjo01
Josh Davis,2004,2004,davisjo02
Ron Davis,1977,1977,davisro01
Walt Davis,1958,1958,daviswa01
Austin Daye,2015,2015,dayeau01
Dewayne Dedmon,2018,2020,dedmode01
Archie Dees,1962,1962,deesar01
Malcolm Delaney,2017,2018,delanma01
Tony Delk,2005,2006,delkto01
Nate DeLong,1952,1952,delonna01
Randy Denton,1977,1977,dentora01
Hank DeZonie,1951,1951,dezonha01
Boris Diaw,2004,2005,diawbo01
Dan Dickau,2003,2004,dickada01
Henry Dickerson,1977,1977,dickehe01
Gorgui Dieng,2022,2022,dienggo01
Fred Diute,1955,1955,diutefr01
Tyler Dorsey,2018,2019,dorsety01
John Drew,1975,1982,drewjo01
Predrag Drobnjak,2005,2005,drobnpr01
Bob Duffy,1963,1964,duffybo02
Mike Dunleavy,2017,2017,dunlemi02
Kris Dunn,2021,2021,dunnkr01
Dennis DuVal,1976,1976,duvalde01
Gene Dyker,1954,1954,dykerge01
Jerry Eaves,1985,1985,eavesje01
Dike Eddleman,1950,1952,eddledi01
Keith Edmonson,1983,1983,edmonke01
Doug Edwards,1994,1995,edwardo01
John Edwards,2006,2006,edwarjo01
Craig Ehlo,1994,1996,ehlocr01
Rich Eichhorst,1962,1962,eichhdi01
Obinna Ekezie,2005,2005,ekeziob01
LaPhonso Ellis,1999,2000,ellisla01
Gene Englund,1950,1950,engluge01
Jeremy Evans,2018,2018,evansje01
Maurice Evans,2009,2011,evansma01
Mike Farmer,1963,1966,farmemi01
George Feigenbaum,1953,1953,feigege01
Bruno Fernando,2020,2023,fernabr01
Al Ferrari,1956,1962,ferraal01
Duane Ferrell,1989,1994,ferredu01
Bob Ferry,1960,1960,ferrybo01
Trent Forrest,2023,2023,forretr01
Greg Foster,1993,1993,fostegr01
Larry Foust,1960,1962,foustla01
Jerry Fowler,1952,1952,fowleje01
Matt Freije,2007,2007,freijma01
Hiram Fuller,2004,2004,fullehi01
Terry Furlow,1979,1980,furlote01
Danilo Gallinari,2021,2022,gallida01
Dave Gambee,1959,1960,gambeda01
Thomas Gardner,2009,2009,gardnth01
Ed Gayda,1951,1951,gaydaed01
Dee Gibson,1950,1950,gibsode01
Herm Gilliam,1972,1975,gillihe01
Jack Givens,1979,1980,givenja01
Mike Glenn,1982,1985,glennmi01
Dion Glover,2000,2004,glovedi01
Brandon Goodwin,2020,2021,goodwbr01
Joe Graboski,1962,1962,grabojo01
Ricky Grace,1994,1994,graceri01
Paul Graham,1992,1994,grahapa01
Treveon Graham,2020,2020,grahatr01
Ron Grandison,1996,1996,grandro01
Stewart Granger,1985,1985,grangst01
Ed Gray,1998,1999,grayed01
Si Green,1959,1962,greensi01
Willie Green,2012,2012,greenwi01
Gary Gregor,1970,1970,gregoga01
AJ Griffin,2023,2023,griffaj01
Anthony Grundy,2006,2006,grundan01
Richie Guerin,1964,1970,gueriri01
Tom Gugliotta,2005,2005,guglito01
Cliff Hagan,1957,1966,hagancl01
Shaler Halimon,1972,1972,halimsh01
Jeff Halliburton,1972,1973,hallije01
Darvin Ham,2003,2003,hamda01
Daniel Hamilton,2019,2019,hamilda02
Dennis Hamilton,1969,1969,hamilde01
Darrin Hancock,1997,1997,hancoda01
Alex Hannum,1955,1957,hannual01
Travis Hansen,2004,2004,hansetr01
Tim Hardaway Jr.,2016,2017,hardati02
John Hargis,1951,1951,hargijo01
Skip Harlicka,1969,1969,harlisk01
Al Harrington,2005,2006,harrial01
Chris Harris,1956,1956,harrich01
Devin Harris,2013,2013,harride01
Bob Harrison,1954,1957,harribo02
Antonio Harvey,2003,2003,harvean01
Billy Hassett,1950,1950,hassebi01
Scott Hastings,1983,1988,hastisc01
Vern Hatton,1962,1962,hattove01
Steve Hawes,1977,1983,hawesst01
Connie Hawkins,1976,1976,hawkico01
Walt Hazzard,1969,1971,abdulma01
Alan Henderson,1996,2004,hendeal01
Cedric Henderson,1987,1987,hendece01
Tom Henderson,1975,1977,hendeto01
Bill Henry,1950,1950,henrybi01
Steve Henson,1993,1993,hensost01
Kleggie Hermsen,1951,1951,hermskl01
Keith Herron,1979,1979,herroke01
Armond Hill,1977,1984,hillar01
Cleo Hill,1962,1962,hillcl01
Malcolm Hill,2022,2022,hillma01
Solomon Hill,2021,2022,hillso01
Kirk Hinrich,2011,2016,hinriki01
Lew Hitch,1954,1955,hitchle01
Aaron Holiday,2023,2023,holidaa01
Justin Holiday,2016,2023,holidju01
Wilbur Holland,1976,1976,hollawi01
Red Holzman,1954,1954,holzmre01
Tom Hoover,1967,1967,hooveto01
Al Horford,2008,2016,horfoal01
Ron Horn,1962,1962,hornro01
Bob Houbregs,1954,1954,houbrbo01
Tom Hovasse,1995,1995,hovasto01
Dwight Howard,2017,2017,howardw01
Lou Hudson,1967,1977,hudsolo01
Kevin Huerter,2019,2022,huertke01
Isaac Humphries,2019,2019,humphis01
Kris Humphries,2016,2017,humphkr01
De'Andre Hunter,2020,2023,huntede01
Othello Hunter,2009,2010,hunteot01
Mel Hutchins,1952,1953,hutchme01
Ersan İlyasova,2017,2018,ilyaser01
Tom Ingelsby,1974,1974,ingelto01
Royal Ivey,2005,2007,iveyro01
Wes Iwundu,2022,2022,iwundwe01
Jermaine Jackson,2003,2003,jacksje01
Jim Jackson,2000,2001,jacksji01
Stephen Jackson,2004,2004,jacksst02
Henry James,1997,1997,jameshe01
John Jenkins,2013,2015,jenkijo01
Anthony Johnson,1999,2008,johnsan02
B.J. Johnson,2019,2019,johnsbj01
DerMarr Johnson,2001,2002,johnsde03
Eddie Johnson,1978,1986,johnsed02
George Johnson,1983,1983,johnsge02
Ivan Johnson,2012,2013,johnsiv01
Jalen Johnson,2022,2023,johnsja05
Joe Johnson,2006,2012,johnsjo02
Ollie Johnson,1978,1978,johnsol01
Dahntay Jones,2013,2013,jonesda02
Damian Jones,2020,2020,jonesda03
Dwight Jones,1974,1976,jonesdw01
Solomon Jones,2007,2009,jonesso01
Reggie Jordan,1996,1996,jordare01
Phil Jordon,1963,1963,jordoph01
Noble Jorgensen,1951,1951,jorgeno01
Frank Kaminsky,2023,2023,kaminfr01
Bob Kauffman,1975,1975,kauffbo01
Adam Keefe,1993,1994,keefead01
Ryan Kelly,2017,2017,kellyry01
Tim Kempton,1996,1996,kemptti01
Jack Kerris,1950,1950,kerrija01
Walt Kirk,1950,1952,kirkwa01
Brevin Knight,2001,2001,knighbr01
Nathan Knight,2021,2021,knighna01
Kevin Knox,2022,2022,knoxke01
Jon Koncak,1986,1995,koncajo01
Kyle Korver,2013,2017,korveky01
Vit Krejci,2023,2023,krejcvi01
Tommy Kron,1967,1967,kronto01
Toni Kukoč,2001,2002,kukocto01
Fred LaCour,1961,1962,lacoufr01
Christian Laettner,1996,1998,laettch01
Mark Landsberger,1984,1984,landsma01
Andrew Lang,1994,1996,langan01
Priest Lauderdale,1997,1997,laudepr01
Bob Lavoy,1954,1954,lavoybo01
Acie Law,2008,2009,lawac01
Butch Lee,1979,1979,leebu01
Clyde Lee,1975,1975,leecl01
Damion Lee,2018,2018,leeda03
Ron Lee,1980,1980,leero01
George Lehmann,1968,1969,lehmage01
Alex Len,2019,2020,lenal01
Gary Leonard,1991,1992,leonaga01
Jim Les,1995,1995,lesji01
Andrew Levane,1953,1953,levanan01
Cliff Levingston,1985,1990,levincl01
Jeremy Lin,2019,2019,linje01
Randy Livingston,1998,1998,livinra01
Don Lofgran,1954,1954,lofgrdo01
John Logan,1951,1951,loganjo01
Grant Long,1995,1999,longgr01
John Long,1990,1990,longjo01
Clyde Lovellette,1959,1962,lovelcl01
Sidney Lowe,1985,1985,lowesi01
Tyronn Lue,2005,2008,luety01
Timothé Luwawu-Cabarrot,2022,2022,luwawti01
Ed Macauley,1957,1959,macaued01
Ronnie MacGilvray,1955,1955,macgiro01
Shelvin Mack,2013,2016,macksh01
Rudy Macklin,1982,1983,macklru01
Josh Magette,2018,2018,magetjo01
John Mahnken,1950,1950,mahnkjo01
Moses Malone,1989,1991,malonmo01
Matt Maloney,2001,2003,malonma01
Danny Manning,1994,1994,mannida01
Pace Mannion,1989,1989,mannipa01
Nick Mantis,1963,1963,mantini01
Pete Maravich,1971,1974,maravpe01
Roy Marble,1990,1990,marblro01
Cartier Martin,2014,2014,martica01
Phil Martin,1955,1955,martiph01
Slater Martin,1957,1960,martisl01
Tyrese Martin,2023,2023,martity01
Al Masino,1953,1953,masinal01
Eddie Mast,1973,1973,masted01
Garrison Mathews,2023,2023,mathega01
Wes Matthews,1981,1990,matthwe01
Don May,1972,1973,maydo01
Skylar Mays,2021,2022,mayssk01
Travis Mays,1992,1993,maystr01
Ken McBride,1955,1955,mcbrike01
Johnny McCarthy,1960,1962,mccarjo01
Amal McCaskill,2003,2003,mccasam01
John McConathy,1952,1952,mcconjo01
Bucky McConnell,1953,1953,mcconbu01
Tim McCormick,1991,1991,mccorti01
Jelani McCoy,2005,2005,mccoyje01
Jim McElroy,1980,1982,mcelrji01
Mike McGee,1987,1988,mcgeemi01
Bill McGill,1965,1965,mcgilbi01
Tracy McGrady,2012,2012,mcgratr01
Roshown McLeod,1999,2001,mcleoro01
Jack McMahon,1956,1960,mcmahja01
Tom McMillen,1978,1983,mcmilto01
Shellie McMillon,1962,1962,mcmilsh01
Carl McNulty,1955,1955,mcnulca01
Stanislav Medvedenko,2007,2007,medvest01
Dick Mehen,1952,1952,mehendi01
Dean Meminger,1975,1976,meminde01
Joe Meriweather,1977,1977,meriwjo01
Stan Miasek,1953,1953,miasest01
Anthony Miller,1997,2005,millean01
Eddie Miller,1953,1953,milleed01
Jay Miller,1968,1968,milleja01
Paul Millsap,2014,2017,millspa01
Dave Minor,1953,1953,minorda01
Nazr Mohammed,2001,2004,mohamna01
Sidney Moncrief,1991,1991,moncrsi01
Rodney Monroe,1992,1992,monroro01
Jackie Moore,1955,1955,mooreja01
Mikki Moore,2003,2003,mooremi01
Jaylen Morris,2018,2018,morrija01
Randolph Morris,2009,2010,morrira01
Red Morrison,1958,1958,morrire01
Anthony Morrow,2013,2013,morroan01
Hanno Möttölä,2001,2002,mottoha01
Jeff Mullins,1965,1966,mullije01
Todd Mundt,1996,1996,mundtto01
Dejounte Murray,2023,2023,murrade01
Ronald Murray,2009,2009,murraro01
Mike Muscala,2014,2018,muscami01
Dikembe Mutombo,1997,2001,mutomdi01
Mamadou N'Diaye,2004,2004,ndiayma02
Lee Nailon,2004,2004,nailole01
Howard Nathan,1996,1996,nathaho01
Willie Naulls,1957,1957,naullwi01
Gary Neal,2017,2017,nealga01
Ivano Newbill,1997,1997,newbiiv01
Ira Newble,2002,2003,newblir01
Dave Newmark,1970,1970,newmada01
Jack Nichols,1950,1954,nichoja01
Bevo Nordmann,1963,1964,nordmbe01
Ken Norman,1995,1997,normake01
George Nostrand,1950,1950,nostrge01
James Nunnally,2014,2014,nunnaja01
John O'Boyle,1953,1953,oboyljo01
Grady O'Malley,1970,1970,omallgr01
Mike O'Neill,1953,1953,oneilmi01
Kevin O'Shea,1952,1952,osheake01
Don Ohl,1968,1970,ohldo01
Onyeka Okongwu,2021,2023,okongon01
Brian Oliver,1998,1998,olivebr01
Cameron Oliver,2022,2022,oliveca01
Don Otten,1950,1953,ottendo01
Mac Otten,1950,1950,ottenma01
Red Owens,1950,1952,owensre01
Zaza Pachulia,2006,2013,pachuza01
Andy Panko,2001,2001,pankoan01
Jannero Pargo,2012,2013,pargoja01
Med Park,1956,1959,parkme01
Jabari Parker,2020,2020,parkeja01
Chandler Parsons,2020,2020,parsoch01
Lamar Patterson,2016,2017,pattela01
Worthy Patterson,1958,1958,pattewo01
Billy Paultz,1984,1984,paultbi01
Johnny Payak,1953,1953,payakjo01
Adreian Payne,2015,2015,paynead01
Tom Payne,1972,1972,payneto01
Sam Pellom,1980,1983,pellosa01
Warren Perkins,1950,1951,perkiwa01
Wesley Person,2004,2004,persowe01
Bob Peterson,1954,1954,peterbo01
Ed Peterson,1951,1951,petered01
Johan Petro,2013,2013,petrojo01
Bob Pettit,1955,1965,pettibo01
John Pinone,1984,1984,pinonjo01
Dave Piontek,1960,1961,piontda01
Dexter Pittman,2014,2014,pittmde01
Miles Plumlee,2018,2019,plumlmi01
Josh Powell,2011,2011,poweljo01
Alex Poythress,2019,2019,poythal01
Taurean Prince,2017,2019,princta02
Joel Przybilla,2004,2004,przybjo01
Vladimir Radmanović,2012,2012,radmavl01
Cal Ramsey,1960,1960,ramseca01
Blair Rasmussen,1992,1993,rasmubl01
George Ratkovicz,1953,1955,ratkoge01
Theo Ratliff,2002,2004,ratlith01
Leo Rautins,1985,1985,rautile01
Don Ray,1950,1950,raydo01
Željko Rebrača,2004,2004,rebraze01
Eldridge Recasner,1997,1998,recasel01
Cam Reddish,2020,2022,reddica01
Hub Reed,1959,1960,reedhu01
Don Rehfeldt,1952,1952,rehfedo01
John Rennicke,1952,1952,rennijo01
Jeremy Richardson,2007,2008,richaje01
Dick Ricketts,1956,1956,rickedi01
Isaiah Rider,2000,2000,rideris01
Bob Riley,1971,1971,rileybo01
Doc Rivers,1984,1991,riverdo01
Tony Robertson,1978,1978,roberto01
Glenn Robinson,2003,2003,robingl01
Larry Robinson,2001,2001,robinla01
Rumeal Robinson,1991,1992,robinru01
Truck Robinson,1977,1977,robintr01
Ken Rohloff,1964,1964,rohloke01
Phil Rollins,1961,1961,rolliph01
Tree Rollins,1978,1988,rollitr01
Rajon Rondo,2021,2021,rondora01
Sean Rooks,1996,1996,rooksse01
Dan Roundfield,1979,1984,roundda01
Walker Russell,1985,1985,russewa01
Pepe Sánchez,2001,2001,sanchpe01
Jeff Sanders,1992,1993,sandeje01
Pep Saul,1955,1955,saulpe01
Woody Sauldsberry,1961,1963,sauldwo01
Bob Schafer,1956,1956,schafbo01
Herb Scherer,1951,1951,scherhe01
Dale Schlueter,1974,1974,schluda01
Dennis Schröder,2014,2018,schrode01
Dick Schulz,1950,1950,schuldi01
Mike Scott,2013,2017,scottmi01
Thabo Sefolosha,2015,2017,sefolth01
Frank Selvy,1955,1958,selvyfr01
Chuck Share,1954,1960,sharech01
Craig Shelton,1981,1982,sheltcr01
Jeff Sheppard,1999,1999,sheppje01
Paul Shirley,2003,2003,shirlpa01
Jordan Sibert,2019,2019,siberjo01
Larry Siegfried,1972,1972,siegfla01
Paul Silas,1965,1969,silaspa01
Dickey Simpkins,2002,2002,simpkdi01
Bob Sims,1962,1962,simsbo01
Reggie Slater,2002,2002,slatere01
Donald Sloan,2012,2012,sloando01
Donta Smith,2005,2006,smithdo04
Joe Smith,2010,2010,smithjo02
Josh Smith,2005,2013,smithjo03
Kenny Smith,1990,1990,smithke01
Leon Smith,2002,2002,smithle01
Randy Smith,1983,1983,smithra01
Steve Smith,1995,1999,smithst01
Tony Smith,2001,2001,smithto02
Tony Snell,2021,2021,snellto01
Dick Snyder,1967,1968,snydedi01
Mike Sojourner,1975,1977,sojoumi01
Rory Sparrow,1982,1983,sparrro01
Odie Spears,1957,1957,spearod01
Omari Spellman,2019,2019,spellom01
Andre Spencer,1993,1993,spencan01
Tiago Splitter,2016,2016,splitti01
Jerry Stackhouse,2012,2012,stackje01
Jack Stephens,1956,1956,stephja01
Lance Stephenson,2022,2022,stephla01
DeShawn Stevenson,2013,2013,stevede01
Michael Stewart,2005,2005,stewami01
Norm Stewart,1957,1957,stewano01
Alex Stivrins,1993,1993,stivral01
Salim Stoudamire,2006,2008,stoudsa01
Mark Strickland,2002,2002,stricma01
Don Sunderlage,1954,1954,sundedo01
Bob Sura,2004,2004,surabo01
Dick Surhoff,1954,1954,surhodi01
Pape Sy,2011,2011,sypa01
Edy Tavares,2016,2017,tavarwa01
Isaiah Taylor,2018,2018,taylois01
Jeff Teague,2010,2020,teaguje01
Claude Terry,1977,1978,terrycl01
Jason Terry,2000,2004,terryja01
Reggie Theus,1989,1989,theusre01
Etan Thomas,2011,2011,thomaet01
James Thomas,2005,2005,thomaja02
John Thomas,2006,2006,thomajo02
Dijon Thompson,2007,2007,thompdi01
Rod Thorn,1966,1967,thornro01
Mike Todorovich,1950,1951,todormi01
Ray Tolbert,1989,1989,tolbera01
Anthony Tolliver,2013,2013,tollian01
Sedric Toney,1986,1990,toneyse01
Gene Tormohlen,1963,1970,tormobu01
Bill Tosheff,1954,1954,toshebi01
George Trapp,1972,1973,trappge01
John Tresvant,1965,1966,tresvjo01
John Tschogl,1973,1974,tschojo01
Evan Turner,2020,2020,turneev01
Jeremy Tyler,2013,2013,tylerje01
John Vallely,1971,1972,vallejo01
Tom Van Arsdale,1975,1976,vanarto01
Gene Vance,1950,1952,vancege01
Chico Vaughn,1963,1966,vaughch01
Jacque Vaughn,2002,2004,vaughja01
Fred Vinson,1995,1995,vinsofr01
Alexander Volkov,1990,1992,volkoal01
Whitey Von Nieda,1950,1950,vonniwh01
Antoine Walker,2005,2005,walkean02
Rasheed Wallace,2004,2004,wallara01
Tyrone Wallace,2020,2020,wallaty01
Dwight Waller,1969,1969,walledw01
Isaac Walthour,1954,1954,walthis01
Gerry Ward,1964,1964,wardge01
Chris Washburn,1988,1988,washbch01
Jim Washington,1966,1975,washiji01
Bobby Watson,1955,1955,watsobo01
Paul Watson,2020,2020,watsopa01
Spud Webb,1986,1996,webbsp01
Mario West,2008,2010,westma02
Mark West,1999,1999,westma01
John Wetzel,1973,1975,wetzejo01
Ennis Whatley,1988,1995,whatlen01
Andrew White,2018,2018,whitean01
Herb White,1971,1971,whitehe01
Donald Whiteside,1998,1998,whitedo01
Murray Wier,1950,1950,wiermu01
Morlon Wiley,1992,1995,wileymo01
Win Wilfong,1958,1959,wilfowi01
Lenny Wilkens,1961,1968,wilkele01
Damien Wilkins,2011,2011,wilkida02
Dominique Wilkins,1983,1994,wilkido01
Mike Wilks,2003,2003,wilksmi01
Brandon Williams,2003,2003,willibr01
Donovan Williams,2023,2023,willido02
Freeman Williams,1982,1982,willifr01
Gus Williams,1987,1987,willigu01
Lou Williams,2013,2022,willilo02
Marvin Williams,2006,2012,willima02
Mike Williams,1990,1990,willimi03
Milt Williams,1972,1972,willimi01
Ray Williams,1986,1986,willira01
Shammond Williams,1999,1999,willish01
Shelden Williams,2007,2008,willish02
Sly Williams,1984,1985,willisl01
Kevin Willis,1985,2005,willike02
Bill Willoughby,1976,1977,willobi01
Bob Wilson,1952,1952,wilsobo01
Michael Wilson,1987,1987,wilsomi01
Rick Wilson,1979,1980,wilsori01
Trevor Wilson,1991,1991,wilsotr01
Randy Wittman,1984,1988,wittmra01
Al Wood,1982,1982,woodal01
Leon Wood,1988,1988,woodle01
Haywoode Workman,1990,1990,workmha01
Mark Workman,1953,1953,workmma01
Tom Workman,1968,1968,workmto01
Delon Wright,2022,2022,wrighde01
Howard Wright,1991,1991,wrighho02
Lorenzen Wright,2000,2008,wrighlo02
Trae Young,2019,2023,youngtr01
Max Zaslofsky,1954,1954,zasloma01
Tyler Zeller,2019,2019,zellety01