Player,From,To,PlayerId
Alaa Abdelnaby,1995,1995,abdelal01
Forest Able,1957,1957,ablefo01
Furkan Aldemir,2015,2015,aldemfu01
Lavoy Allen,2012,2014,allenla01
Derrick Alston,1995,1996,alstode01
Lou Amundson,2007,2008,amundlo01
Cliff Anderson,1971,1971,andercl01
J.J. Anderson,1983,1983,anderjj01
James Anderson,2014,2014,anderja01
Justin Anderson,2017,2018,anderju01
Ron Anderson,1989,1993,anderro01
Michael Ansley,1992,1992,anslemi01
Vincent Askew,1988,1988,askewvi01
Isaac Austin,1994,1994,austiis01
Dennis Awtrey,1971,1973,awtrede01
Mike Bantom,1982,1982,bantomi01
Charles Barkley,1985,1992,barklch01
Matt Barnes,2006,2006,barnema02
Dick Barnett,1960,1961,barnedi01
Jim Barnett,1977,1977,barneji02
Dana Barros,1994,1995,barroda01
Jerry Baskerville,1976,1976,baskeje01
Charles Bassey,2022,2022,bassech01
Tony Battie,2011,2012,battito01
Jerryd Bayless,2017,2018,bayleje01
Ernie Beck,1961,1961,becker01
Marco Belinelli,2018,2018,belinma01
Raja Bell,2001,2002,bellra01
Benoit Benjamin,1998,1999,benjabe01
Elmer Bennett,1996,1996,benneel01
Al Bianchi,1957,1966,biancal01
Henry Bibby,1977,1980,bibbyhe01
John Block,1973,1973,blockjo01
Corie Blount,2002,2002,blounco01
Manute Bol,1991,1994,bolma01
Jonah Bolden,2019,2020,boldejo01
Trevor Booker,2018,2018,booketr01
Calvin Booth,2008,2008,boothca01
Bruce Bowen,2000,2000,bowenbr01
Ira Bowman,2000,2002,bowmair01
Freddie Boyd,1973,1976,boydfr01
Craig Brackins,2011,2012,brackcr01
Michael Bradley,2005,2006,bradlmi01
Shawn Bradley,1994,1996,bradlsh01
Tony Bradley,2021,2021,bradlto01
Mark Bradtke,1997,1997,bradtma01
Elton Brand,2009,2016,brandel01
Jesse Branson,1966,1966,bransje01
Jim Brasco,1953,1953,brascji01
Ignas Brazdeikis,2021,2021,brazdig01
Corey Brewer,2019,2019,breweco01
Primož Brezec,2010,2010,brezepr01
Bill Bridges,1972,1973,bridgbi01
Allan Bristow,1974,1975,bristal01
Scott Brooks,1989,1990,brooksc01
Charlie Brown Jr.,2022,2022,brownch02
Damone Brown,2002,2002,brownda02
Kedrick Brown,2005,2005,brownke01
Kwame Brown,2013,2013,brownkw01
Lorenzo Brown,2014,2014,brownlo01
Mike Brown,1996,1996,brownmi01
Joe Bryant,1976,1979,bryanjo01
Mark Bryant,2003,2003,bryanma01
Greg Buckner,2003,2004,buckngr01
Rodney Buford,2001,2001,buforro01
Trey Burke,2020,2020,burketr01
Alec Burks,2020,2020,burksal01
Willie Burton,1995,1995,burtowi01
Jimmy Butler,2019,2019,butleji01
Barney Cable,1960,1961,cableba01
Michael Cage,1997,1997,cagemi01
Gerry Calabrese,1951,1952,calabge01
Adrian Caldwell,1997,1997,caldwad01
Bill Calhoun,1953,1953,calhobi01
Isaiah Canaan,2015,2016,canaais01
Larry Cannon,1974,1974,cannola01
Rodney Carney,2007,2010,carnero01
Butch Carter,1986,1986,cartebu01
Fred Carter,1972,1977,cartefr01
Michael Carter-Williams,2014,2015,cartemi01
Harvey Catchings,1975,1979,catchha01
Terry Catledge,1986,1986,catlete01
Willie Cauley-Stein,2022,2022,caulewi01
Al Cervi,1950,1953,cervial01
Wilt Chamberlain,1965,1968,chambwi01
Tom Chambers,1998,1998,chambto01
Julian Champagnie,2023,2023,champju02
Wilson Chandler,2019,2019,chandwi01
Len Chappell,1963,1964,chapple01
Maurice Cheeks,1979,1989,cheekma01
Leroy Chollet,1950,1951,chollle01
Archie Clark,1969,1972,clarkar01
Gary Clark,2021,2021,clarkga01
Speedy Claxton,2002,2002,claxtsp01
Ben Coleman,1988,1989,colembe01
Derrick Coleman,1996,2004,colemde01
Doug Collins,1974,1981,collido01
Steve Colter,1987,1988,coltest01
Ed Conlin,1956,1959,conlied01
Lanard Copeland,1990,1990,copella01
Ray Corley,1950,1950,corlera01
Larry Costello,1958,1968,costela01
Mel Counts,1973,1973,countme01
Steve Courtin,1965,1965,courtst01
Joe Courtney,1997,1997,courtjo01
Robert Covington,2015,2019,covinro01
Freddie Crawford,1971,1971,crawffr01
Terry Cummings,1998,1998,cummite01
Vonteego Cummings,2002,2002,cummivo01
Billy Cunningham,1966,1976,cunnibi01
William Cunningham,1998,1998,cunniwi01
Earl Cureton,1981,1983,curetea01
Michael Curry,1994,1994,currymi01
Seth Curry,2021,2022,curryse01
Samuel Dalembert,2002,2010,dalemsa01
Antonio Daniels,2011,2011,daniean01
Lloyd Daniels,1995,1995,daniell01
Brandon Davies,2014,2015,daviebr01
Josh Davis,2005,2005,davisjo02
Mark Davis,1997,1998,davisma02
Monti Davis,1981,1981,davismo01
Darryl Dawkins,1976,1982,dawkida01
Johnny Dawkins,1990,1994,dawkijo01
Dewayne Dedmon,2014,2023,dedmode01
George Dempsey,1959,1959,dempsge01
Connie Dierking,1959,1971,dierkco01
Larry Drew II,2015,2018,drewla02
Andre Drummond,2022,2022,drumman01
Richard Dumas,1996,1996,dumasri02
Mike Dunleavy,1977,1978,dunlemi01
Ken Durrett,1975,1975,durreke01
Ed Earle,1954,1954,earleed01
Bill Edwards,1994,1994,edwarbi01
Franklin Edwards,1982,1984,edwarfr01
Mario Elie,1991,1991,eliema01
Leroy Ellis,1973,1976,ellisle01
Francisco Elson,2010,2012,elsonfr01
Joel Embiid,2017,2023,embiijo01
James Ennis III,2019,2020,ennisja01
Julius Erving,1977,1987,ervinju01
Reggie Evans,2008,2009,evansre01
Dick Farley,1955,1956,farledi01
Jim Farmer,1991,1991,farmeji01
Terrance Ferguson,2021,2021,fergute01
Ron Filipek,1968,1968,filipro01
Alphonso Ford,1995,1995,fordal01
Fred Foster,1971,1972,fostefr01
Michael Foster Jr.,2023,2023,fostemi02
Tim Frazier,2015,2015,fraziti01
World B. Free,1976,1987,freewo01
Rod Freeman,1974,1974,freemro01
Markelle Fultz,2018,2019,fultzma01
Terry Furlow,1977,1977,furlote01
Bill Gabor,1950,1955,gaborbi01
Deng Gai,2006,2006,gaide01
Corey Gaines,1990,1995,gaineco01
Dave Gambee,1961,1967,gambeda01
Matt Geiger,1999,2002,geigema01
Armen Gilliam,1991,1993,gilliar01
Gordan Giriček,2008,2008,giricgo01
Mike Gminski,1988,1991,gminsmi01
Drew Gordon,2015,2015,gordodr01
Bato Govedarica,1954,1954,govedba01
Joe Graboski,1962,1962,grabojo01
Greg Graham,1994,1996,grahagr01
Greg Grant,1992,1996,grantgr01
Harvey Grant,1999,1999,grantha01
Jerami Grant,2015,2017,grantje01
Jeff Grayer,1995,1995,grayeje01
Danny Green,2021,2022,greenda02
Johnny Green,1968,1969,greenjo01
Kenny Green,1986,1987,greenke02
Luther Green,1973,1973,greenlu01
Rickey Green,1991,1991,greenri01
Sean Green,1994,1994,greense01
Willie Green,2004,2010,greenwi01
Jerry Greenspan,1964,1965,greenje01
Hal Greer,1959,1973,greerha01
Matt Guokas,1967,1971,guokama02
Swede Halbrook,1961,1962,halbrsw01
Shaler Halimon,1969,1969,halimsh01
Jeff Halliburton,1973,1973,hallije01
Zendon Hamilton,2004,2006,hamilze01
Alex Hannum,1950,1951,hannual01
James Harden,2022,2023,hardeja01
Jerome Harmon,1995,1995,harmoje01
Justin Harper,2017,2017,harpeju01
Matt Harpring,2002,2002,harprma01
Montrezl Harrell,2023,2023,harremo01
Lucious Harris,1997,1997,harrilu01
Tobias Harris,2019,2023,harrito02
Tony Harris,1991,1991,harrito01
Bob Harrison,1957,1958,harribo02
Spencer Hawes,2011,2014,hawessp01
Hersey Hawkins,1989,1993,hawkihe01
Steve Hayes,1985,1985,hayesst01
Alan Henderson,2007,2007,hendeal01
Dave Henderson,1988,1988,hendeda01
Gerald Henderson,1988,1989,hendege01
Gerald Henderson,2017,2017,hendege02
Mark Hendrickson,1997,1997,hendrma01
Larry Hennessy,1957,1957,hennela01
Aaron Henry,2022,2022,henryaa01
Al Henry,1971,1972,henryal01
Fred Hetzel,1970,1970,hetzefr01
Art Heyman,1966,1966,heymaar01
Sean Higgins,1996,1996,higgise01
Haywood Highsmith,2019,2019,highsha01
George Hill,2021,2021,hillge01
Tyrone Hill,1999,2003,hillty01
Roy Hinson,1987,1988,hinsoro01
Jrue Holiday,2010,2013,holidjr01
Justin Holiday,2013,2013,holidju01
Lionel Hollins,1980,1982,hollili01
Richaun Holmes,2016,2018,holmeri01
Joe Holup,1957,1958,holupjo01
Jerald Honeycutt,1999,1999,honeyje01
Bob Hopkins,1957,1960,hopkibo01
Dave Hoppen,1991,1992,hoppeda01
Al Horford,2020,2020,horfoal01
Jeff Hornacek,1993,1994,hornaje01
Danuel House Jr.,2023,2023,houseda01
Dwight Howard,2021,2021,howardw01
Bailey Howell,1971,1971,howelba01
Larry Hughes,1999,2000,hughela01
Steven Hunter,2006,2007,huntest01
Marc Iavaroni,1983,1985,iavarma01
Andre Iguodala,2005,2012,iguodan01
Ersan İlyasova,2017,2018,ilyaser01
Darrall Imhoff,1969,1970,imhofda01
Allen Iverson,1997,2010,iversal01
Royal Ivey,2009,2013,iveyro01
Demetrius Jackson,2018,2019,jacksde01
Jaren Jackson,1995,1995,jacksja01
Jim Jackson,1998,1998,jacksji01
Luke Jackson,1965,1972,jackslu01
Marc Jackson,2004,2005,jacksma02
Tim James,2002,2002,jamesti01
Charles Jenkins,2013,2013,jenkich01
Isaiah Joe,2021,2022,joeis01
Amir Johnson,2018,2019,johnsam01
Chris Johnson,2015,2015,johnsch04
Clemon Johnson,1983,1986,johnscl01
George Johnson,1985,1985,johnsge03
Ollie Johnson,1981,1982,johnsol01
Reggie Johnson,1983,1983,johnsre01
Tyler Johnson,2022,2022,johnsty01
Darius Johnson-Odom,2014,2014,johnsda03
Alvin Jones,2002,2002,jonesal01
Bobby Jones,1979,1986,jonesbo01
Bobby Jones,2007,2007,jonesbo02
Caldwell Jones,1977,1982,jonesca01
Charles Jones,1984,1984,jonesch01
Jake Jones,1972,1972,jonesja01
Jumaine Jones,2000,2001,jonesju01
Larry Jones,1965,1974,jonesla01
Mason Jones,2021,2021,jonesma05
Shelton Jones,1989,1989,jonessh01
Wali Jones,1966,1976,joneswa02
DeAndre Jordan,2022,2022,jordade01
Thomas Jordan,1993,1993,jordath01
Noble Jorgensen,1951,1953,jorgeno01
Jason Kapono,2010,2011,kaponja01
Tommy Kearns,1959,1959,kearnto01
Billy Kenville,1954,1956,kenvibi01
Red Kerr,1955,1965,kerrre01
Braxton Key,2022,2022,keybr01
Warren Kidd,1994,1994,kiddwa01
Toby Kimball,1974,1974,kimbato01
Albert King,1988,1988,kingal01
Frankie King,1997,1997,kingfr01
George King,1952,1956,kingge01
Louis King,2023,2023,kinglo02
Dick Knostman,1954,1954,knostdi01
Furkan Korkmaz,2018,2023,korkmfu01
Kyle Korver,2004,2008,korveky01
Bruce Kuczenski,1984,1984,kuczebr01
Toni Kukoč,2000,2001,kukocto01
Jim Lampley,1987,1987,lamplji01
Carl Landry,2016,2016,landrca01
Andrew Lang,1993,1993,langan01
Antonio Lang,2000,2000,langan02
Bob Lavoy,1954,1954,lavoybo01
Manny Leaks,1973,1973,leaksma01
Eric Leckner,1994,1994,leckner01
Clyde Lee,1975,1976,leecl01
Malcolm Lee,2015,2015,leema01
Saben Lee,2023,2023,leesa01
Andrew Levane,1950,1950,levanan01
Earl Lloyd,1953,1958,lloydea01
Lewis Lloyd,1990,1990,lloydle01
Bob Lochmueller,1953,1953,lochmbo01
Don Lofgran,1951,1951,lofgrdo01
Art Long,2003,2003,longar01
Shawn Long,2017,2017,longsh01
Kevin Loughery,1972,1973,loughke01
Timothé Luwawu-Cabarrot,2017,2018,luwawti01
George Lynch,1999,2001,lynchge01
Todd MacCulloch,2000,2003,maccuto01
Shelvin Mack,2013,2013,macksh01
Johnny Macknowski,1950,1951,macknjo01
Don MacLean,1997,1997,macledo01
Rick Mahorn,1990,1999,mahorri01
Jeff Malone,1994,1996,malonje01
Moses Malone,1983,1994,malonmo01
Boban Marjanović,2019,2019,marjabo01
Donyell Marshall,2009,2009,marshdo01
Kendall Marshall,2016,2016,marshke01
Al Masino,1954,1954,masinal01
Tony Massenburg,1996,1996,masseto01
Dakota Mathias,2021,2021,mathida01
Wes Matthews,1984,1984,matthwe01
Tyrese Maxey,2021,2023,maxeyty01
Vernon Maxwell,1996,2001,maxweve01
Don May,1973,1974,maydo01
Tharon Mayes,1992,1992,mayesth01
Eric Maynor,2014,2014,maynoer01
Luc Mbah a Moute,2015,2015,mbahalu01
Bob McAdoo,1986,1986,mcadobo01
James Michael McAdoo,2018,2018,mcadoja01
Amal McCaskill,2004,2004,mccasam01
Ted McClain,1978,1978,mcclate01
Mac McClung,2023,2023,mccluma01
T.J. McConnell,2016,2019,mccontj01
Tim McCormick,1987,1988,mccorti01
Jalen McDaniels,2023,2023,mcdanja01
K.J. McDaniels,2015,2015,mcdankj01
Ivan McFarlin,2007,2007,mcfariv01
JaVale McGee,2015,2015,mcgeeja01
George McGinnis,1976,1978,mcginge01
Derrick McKey,2002,2002,mckeyde01
Aaron McKie,1998,2005,mckieaa01
Roshown McLeod,2001,2001,mcleoro01
Mark McNamara,1983,1988,mcnamma01
Jodie Meeks,2010,2012,meeksjo01
Bill Melchionni,1967,1968,melchbi01
De'Anthony Melton,2023,2023,meltode01
Porter Meriwether,1963,1963,meriwpo01
Andre Miller,2007,2009,millean02
Anthony Miller,2001,2001,millean01
Paul Millsap,2022,2022,millspa01
Shake Milton,2019,2023,miltosh01
Steve Mix,1974,1982,mixst01
Nazr Mohammed,1999,2001,mohamna01
Eric Money,1979,1980,moneyer01
Greg Monroe,2019,2019,monrogr01
Eric Montross,1998,1998,montrer01
Jackie Moore,1955,1955,mooreja01
Darius Morris,2014,2014,morrida01
Glenn Mosley,1978,1978,moslegl01
Perry Moss,1986,1986,mosspe01
Arnett Moultrie,2013,2014,moultar01
Byron Mullens,2014,2014,mulleby01
Mike Muscala,2019,2019,muscami01
Dikembe Mutombo,2001,2002,mutomdi01
Pete Myers,1989,1989,myerspe01
Lee Nailon,2006,2006,nailole01
Jim Neal,1954,1954,nealji01
Raul Neto,2020,2020,netora01
Paul Neumann,1962,1965,neumapa01
Georges Niang,2022,2023,niangge01
Kurt Nimphius,1990,1990,nimphku01
Andrés Nocioni,2011,2012,nocioan01
Nerlens Noel,2015,2017,noelne01
Connie Norman,1975,1976,normaco01
Mike Novak,1954,1954,novakmi01
James Nunnally,2014,2014,nunnaja01
Kyle O'Quinn,2020,2020,oquinky01
Bud Ogden,1970,1971,ogdenbu01
Jahlil Okafor,2016,2018,okafoja01
Brian Oliver,1991,1992,olivebr01
Kevin Ollie,2000,2008,ollieke01
Daniel Orton,2014,2014,ortonda01
Chuck Osborne,1962,1962,osborch01
Wally Osterkorn,1952,1955,osterwa01
Doug Overton,1997,1999,overtdo01
Billy Owens,2000,2000,owensbi01
Togo Palazzi,1957,1960,palazto01
Jeremy Pargo,2013,2013,pargoje01
Anthony Parker,1998,1999,parkean01
Justin Patton,2019,2019,pattoju01
Kenny Payne,1990,1993,payneke01
Norvel Pelle,2020,2020,pelleno01
Tim Perry,1993,1996,perryti01
Ed Peterson,1950,1951,petered01
Ed Pinckney,1996,1996,pincked01
Vincent Poirier,2021,2021,poirivi01
Myles Powell,2022,2022,powelmy01
Alex Poythress,2017,2017,poythal01
Phil Pressey,2016,2016,pressph01
Mike Price,1973,1973,pricemi01
Kevin Pritchard,1995,1995,pritcke01
Jacob Pullen,2018,2018,pulleja01
Luther Rackley,1974,1974,rackllu01
Cal Ramsey,1961,1961,ramseca01
Chasson Randle,2017,2017,randlch01
Shavlik Randolph,2006,2008,randosh01
George Ratkovicz,1950,1952,ratkoge01
Theo Ratliff,1998,2009,ratlith01
Leo Rautins,1984,1984,rautile01
Jim Ray,1957,1960,rayji01
Craig Raymond,1969,1969,raymocr01
J.J. Redick,2018,2019,redicjj01
Marlon Redmond,1979,1979,redmoma01
Paul Reed,2021,2023,reedpa01
Jim Reid,1968,1968,reidji01
Robert Reid,1991,1991,reidro01
Efthimios Rentzias,2003,2003,rentzef01
Clint Richardson,1980,1985,richacl01
Jason Richardson,2013,2015,richaja01
Josh Richardson,2020,2020,richajo01
Joe Roberts,1961,1963,roberjo01
Stanley Roberts,2000,2000,roberst01
Cliff Robinson,1987,1989,robincl01
Glenn Robinson,2004,2004,robingl01
Glenn Robinson III,2015,2020,robingl02
Thomas Robinson,2015,2015,robinth01
Red Rocha,1952,1956,rochare01
Sergio Rodríguez,2017,2017,rodrise01
Rodney Rogers,2005,2005,rogerro01
Jim Rowinski,1989,1989,rowinji01
Michael Ruffin,2002,2002,ruffimi01
Trevor Ruffin,1996,1996,ruffitr01
Jeff Ruland,1987,1992,rulanje01
Bob Rule,1972,1973,rulebo01
Kareem Rush,2009,2009,rushka01
John Salmons,2003,2006,salmojo01
JaKarr Sampson,2015,2016,sampsja02
Pepe Sánchez,2001,2001,sanchpe01
Dario Šarić,2017,2019,saricda01
Kenny Satterfield,2003,2003,satteke01
Don Savage,1952,1957,savagdo01
Bob Schafer,1957,1957,schafbo01
Dolph Schayes,1950,1964,schaydo01
Dale Schlueter,1973,1973,schluda01
Russ Schoene,1983,1983,schoeru01
Dave Scholz,1970,1970,scholda01
Fred Scolari,1951,1951,scolafr01
Mike Scott,2019,2021,scottmi01
Frank Selvy,1960,1960,selvyfr01
Paul Seymour,1950,1960,seymopa01
Charles Shackleford,1992,1993,shackch01
Lee Shaffer,1962,1964,shaffle01
Landry Shamet,2019,2019,shamela01
Brian Shaw,1998,1998,shawbr01
Casey Shaw,1999,1999,shawca01
Marial Shayok,2020,2020,shayoma01
Dexter Shouse,1990,1990,shousde01
Alexey Shved,2015,2015,shvedal01
Xavier Silas,2012,2012,silasxa01
Ben Simmons,2018,2021,simmobe01
Connie Simmons,1955,1955,simmoco01
Jonathon Simmons,2019,2019,simmojo02
Ralph Simpson,1979,1979,simpsra01
Henry Sims,2014,2015,simshe01
Scott Skiles,1996,1996,skilesc01
Al Skinner,1979,1980,skinnal01
Brian Skinner,2003,2005,skinnbr01
Belus Smawley,1951,1951,smawlbe01
Derek Smith,1989,1990,smithde02
Don Smith,1975,1975,smithdo02
Ish Smith,2015,2016,smithis01
Jabari Smith,2002,2002,smithja01
Jason Smith,2008,2010,smithja02
Joe Smith,1998,2007,smithjo02
Steven Smith,2007,2007,smithst03
Zhaire Smith,2019,2020,smithzh01
Eric Snow,1998,2004,snower01
Darius Songaila,2011,2011,songada01
Dave Sorenson,1973,1973,sorenda01
Jim Spanarkel,1980,1980,spanaji01
Marreese Speights,2009,2011,speigma01
Tiago Splitter,2017,2017,splitti01
Jaden Springer,2022,2023,sprinja01
Jerry Stackhouse,1996,1998,stackje01
Nik Stauskas,2016,2018,stausni01
Kebu Stewart,1998,1998,stewake01
Greg Stokes,1986,1986,stokegr01
Greg Sutton,1996,1996,suttogr01
Adonis Thomas,2014,2014,thomaad01
James Thomas,2006,2006,thomaja02
Kenny Thomas,2003,2005,thomake01
Malcolm Thomas,2015,2015,thomama01
Tim Thomas,1998,1999,thomati01
Hollis Thompson,2014,2017,thompho01
LaSalle Thompson,1996,1996,thompla01
Paul Thompson,1986,1986,thomppa01
Bob Thornton,1988,1990,thornbo01
Sedale Threatt,1984,1987,threase01
Matisse Thybulle,2020,2023,thybuma01
Anthony Tolliver,2021,2021,tollian01
Andrew Toney,1981,1988,toneyan01
Bernard Toone,1980,1980,toonebe01
John Trapp,1973,1973,trappjo01
John Tschogl,1975,1975,tschojo01
Jim Tucker,1955,1957,tuckeji01
P.J. Tucker,2023,2023,tuckepj01
Rayjon Tucker,2021,2021,tuckera01
Andre Turner,1991,1991,turnean01
Evan Turner,2011,2014,turneev01
B.J. Tyler,1995,1995,tylerbj01
Tom Van Arsdale,1973,1975,vanarto01
Keith Van Horn,2003,2003,vanhoke01
Jarvis Varnado,2014,2014,varnaja01
Jay Vincent,1990,1990,vinceja01
Danny Vranes,1987,1988,vraneda01
Nikola Vučević,2012,2012,vucevni01
Chet Walker,1963,1969,walkech01
Rex Walters,1996,1998,waltere01
Perry Warbington,1975,1975,warbipe01
Gerry Ward,1966,1966,wardge01
Casper Ware,2014,2014,wareca01
Ben Warley,1963,1966,warlebe01
Jim Washington,1970,1972,washiji01
Wilson Washington,1978,1978,washiwi01
Maalik Wayns,2013,2013,waynsma01
Clarence Weatherspoon,1993,1998,weathcl01
Chris Webber,2005,2007,webbech01
Sonny Weems,2016,2016,weemsso01
Bob Weiss,1966,1967,weissbo01
Chris Welp,1988,1989,welpch01
Walt Wesley,1975,1975,weslewa01
Hubie White,1964,1964,whitehu01
Mitchell Wiggins,1992,1992,wiggimi01
Damien Wilkins,2013,2013,wilkida02
Eddie Lee Wilkins,1993,1993,wilkied01
Elliot Williams,2014,2014,williel01
Jayson Williams,1991,1992,willija01
Lou Williams,2006,2012,willilo02
Monty Williams,2003,2003,willimo01
Sam Williams,1984,1985,willisa02
Scott Williams,1995,1999,willisc01
Corliss Williamson,2005,2005,willico02
George Wilson,1969,1970,wilsoge01
Trevor Wilson,1996,1996,wilsotr01
David Wingate,1987,1989,wingada01
Voise Winters,1986,1986,wintevo01
Dave Wohl,1972,1972,wohlda01
Christian Wood,2016,2016,woodch01
Leon Wood,1985,1986,woodle01
Orlando Woolridge,1994,1994,woolror01
Dorell Wright,2013,2013,wrighdo01
Sharone Wright,1995,1996,wrighsh01
Tony Wroten,2014,2016,wroteto01
George Yardley,1959,1960,yardlge01
Barry Yates,1972,1972,yatesba01
James Young,2018,2018,youngja01
Michael Young,1986,1986,youngmi01
Nick Young,2013,2013,youngni01
Sam Young,2012,2012,youngsa01
Thaddeus Young,2008,2014,youngth01